id,skill
14,Data Analysis
1,Excel
2,Financial Modeling
57,SQL
4,Communication
5,Mathematics
49,Python
7,R
186,Risk Analysis
87,Machine Learning
10,Investment Analysis
11,Market Research
12,Sustainability
183,Project Management
15,Risk Assessment
16,Corporate Sustainability
17,Report Writing
18,Stakeholder Engagement
193,Strategic Planning
284,Analytics
21,Financial Planning
22,Tax Strategies
23,Aerospace Design
256,CAD
140,Testing
26,Team Leadership
27,Problem-Solving
28,Product Management
29,Agile
30,Market Analysis
31,Engineering Basics
98,Research
33,Innovation
34,MATLAB
35,Data Science
36,Healthcare Analytics
37,System Analysis
38,Healthcare IT
175,AI
130,TensorFlow
41,Healthcare Applications
48,Logistics
43,Scheduling
44,Transport Design
45,Safety Compliance
46,Operations Management
47,Budgeting
50,Statistics
51,Visualization
213,AI Development
101,Deep Learning
54,Collaboration
55,Reporting
56,Problem Solving
58,ETL
64,Cloud Platforms
60,Big Data
61,DevOps
99,CI/CD
63,Automation
65,Security
66,Threat Analysis
214,Leadership
68,Strategy
69,UI/UX Design
70,Figma
71,Adobe XD
72,Creativity
96,Java
74,Agile Development
90,JavaScript
76,React
110,Node.js
78,Scripting
79,Database Management
80,Optimization
247,Troubleshooting
223,Technical Support
172,Networking
84,Documentation
85,Cybersecurity
86,Risk Management
244,HTML
89,CSS
91,APIs
92,Agile Methodologies
93,Cloud Security
94,Prototyping
95,Data Visualization
97,Architecture
100,Security Tools
102,NLP
169,AWS
104,Docker
105,Kubernetes
106,Linux
107,Tableau
108,Power BI
109,Data Storytelling
111,REST
112,Microservices
113,Git
114,SolidWorks
115,FEA
116,PLC Programming
117,Robotics
118,Teamwork
259,Quality Control
120,ISO Standards
121,Attention to Detail
122,Auditing
123,Control Systems
124,PLCs
125,AI Ethics
220,Policy Analysis
263,Writing
128,Data Strategy
268,Consulting
131,Model Optimization
132,Technical Writing
133,AI Knowledge
134,Robotics Design
135,Circuit Design
136,C++
137,ROS
138,Team Collaboration
139,Debugging
141,Analysis
142,Business Development
179,Sales
144,Customer Success
145,CRM
146,Operations
147,Process Improvement
148,Recruitment
239,Payroll
150,Compliance
151,Training
152,Program Design
153,HR Analytics
216,Negotiation
155,Organization
156,WordPress
276,Photoshop
158,Illustrator
159,Branding
160,Typography
209,SEO
162,Google Analytics
163,Content Strategy
164,Content Writing
165,Video Editing
166,Social Media
167,Incident Response
168,Cloud Computing
170,Azure
171,System Design
173,Cisco
174,Hardware Maintenance
176,Data Warehousing
177,Data Annotation
178,Detail-Oriented
180,Engineering Knowledge
181,Customer Support
182,Patience
184,Technical Knowledge
185,Financial Analysis
187,Statistical Modeling
188,Communication Skills
189,Portfolio Management
190,Decision-Making
191,ESG Analysis
192,Data Analytics
194,CAD Design
195,Simulation
196,Aerodynamics
197,Quality Assurance
198,R&D
199,Material Testing
200,Clinical Trials
201,Design
202,Medical Devices
203,Logistics Management
204,Planning
205,Software Development
222,Customer Service
207,IT Security
275,Campaign Management
241,Content Creation
292,Digital Marketing
212,Big Data Tools
215,Process Optimization
217,Vendor Management
285,Procurement
219,Environmental Assessment
221,Data Interpretation
224,Empathy
225,Lab Skills
226,Time Management
227,Data Recording
228,Safety Protocols
281,Environmental Science
230,Sales Management
231,Account Management
232,Business Analysis
233,Database Administration
234,Backup Management
235,HR Management
236,Conflict Resolution
237,Interviewing
238,Talent Acquisition
270,Adobe Photoshop
242,Social Media Management
269,Graphic Design
245,Supply Chain
246,Customer Relationship Management
248,Kotlin
249,Swift
250,Mobile Development
251,QA Tools
296,System Administration
253,Relationship Management
254,CRM Tools
255,Firewalls
257,Mechanical Design
258,Production Management
260,Maintenance
261,Safety
262,BI Tools
264,Editing
265,Employee Relations
266,Payroll Processing
267,HR Systems
271,Adobe Illustrator
272,Performance Optimization
273,System Architecture
274,API Development
277,Keyword Research
297,Supply Chain Management
279,Warehouse Management
287,Inventory Management
282,Software Architecture
283,User Research
286,Cost Management
288,Cloud Architecture
289,Automation Tools
290,PPC
291,Project Coordination
293,Workflow Optimization
294,Inventory Control
295,Supply Chain Optimization
